{
  "classification_report": {
    "Class 0": {
      "precision": 0.9885057471264368,
      "recall": 0.9247311827956989,
      "f1-score": 0.9555555555555556,
      "support": 93.0
    },
    "Class 1": {
      "precision": 1.0,
      "recall": 1.0,
      "f1-score": 1.0,
      "support": 54.0
    },
    "Class 2": {
      "precision": 0.8653846153846154,
      "recall": 0.9782608695652174,
      "f1-score": 0.9183673469387755,
      "support": 46.0
    },
    "Class 3": {
      "precision": 1.0,
      "recall": 1.0,
      "f1-score": 1.0,
      "support": 52.0
    },
    "accuracy": 0.9673469387755103,
    "macro avg": {
      "precision": 0.963472590627763,
      "recall": 0.9757480130902291,
      "f1-score": 0.9684807256235828,
      "support": 245.0
    },
    "weighted avg": {
      "precision": 0.9703621501651059,
      "recall": 0.9673469387755103,
      "f1-score": 0.9678023045953076,
      "support": 245.0
    }
  },
  "confusion_matrix": [
    [
      86,
      0,
      7,
      0
    ],
    [
      0,
      54,
      0,
      0
    ],
    [
      1,
      0,
      45,
      0
    ],
    [
      0,
      0,
      0,
      52
    ]
  ],
  "f1_score_weighted": 0.9678023045953076,
  "precision_weighted": 0.9703621501651059,
  "recall_weighted": 0.9673469387755103,
  "f1_score_macro": 0.9684807256235828,
  "precision_macro": 0.963472590627763,
  "recall_macro": 0.9757480130902291,
  "f1_per_class": [
    0.9555555555555556,
    1.0,
    0.9183673469387755,
    1.0
  ]
}